,Event,Object,Seed,Hit
0,30,sgr,268435450,"(0, 0.0)"
1,30,grs,268435450,"(0, 0.0)"
2,30,ss,268435450,"(0, 0.0)"
3,30,ngc_cords,268435450,"(0, 0.0)"
4,30,sgr,977105038,"(0, 0.0)"
5,30,grs,977105038,"(0, 0.0)"
6,30,ss,977105038,"(0, 0.0)"
7,30,ngc_cords,977105038,"(0, 0.0)"
8,30,sgr,687194752,"(0, 0.0)"
9,30,grs,687194752,"(0, 0.0)"
10,30,ss,687194752,"(0, 0.0)"
11,30,ngc_cords,687194752,"(31, 0.031)"
12,30,sgr,0,"(0, 0.0)"
13,30,grs,0,"(0, 0.0)"
14,30,ss,0,"(0, 0.0)"
15,30,ngc_cords,0,"(0, 0.0)"
16,22,sgr,300647704,"(0, 0.0)"
17,22,grs,300647704,"(0, 0.0)"
18,22,ss,300647704,"(0, 0.0)"
19,22,ngc_cords,300647704,"(0, 0.0)"
20,22,sgr,42949672,"(0, 0.0)"
21,22,grs,42949672,"(0, 0.0)"
22,22,ss,42949672,"(0, 0.0)"
23,22,ngc_cords,42949672,"(0, 0.0)"
24,23,sgr,869730858,"(0, 0.0)"
25,23,grs,869730858,"(15, 0.015)"
26,23,ss,869730858,"(0, 0.0)"
27,23,ngc_cords,869730858,"(0, 0.0)"
28,30,sgr,536870900,"(0, 0.0)"
29,30,grs,536870900,"(0, 0.0)"
30,30,ss,536870900,"(0, 0.0)"
31,30,ngc_cords,536870900,"(0, 0.0)"
32,23,sgr,397284466,"(0, 0.0)"
33,23,grs,397284466,"(0, 0.0)"
34,23,ss,397284466,"(0, 0.0)"
35,23,ngc_cords,397284466,"(91, 0.091)"
36,22,sgr,214748360,"(0, 0.0)"
37,22,grs,214748360,"(0, 0.0)"
38,22,ss,214748360,"(0, 0.0)"
39,22,ngc_cords,214748360,"(0, 0.0)"
40,23,sgr,236223196,"(0, 0.0)"
41,23,grs,236223196,"(0, 0.0)"
42,23,ss,236223196,"(0, 0.0)"
43,23,ngc_cords,236223196,"(31, 0.031)"
44,22,sgr,139586434,"(0, 0.0)"
45,22,grs,139586434,"(0, 0.0)"
46,22,ss,139586434,"(0, 0.0)"
47,22,ngc_cords,139586434,"(0, 0.0)"
48,22,sgr,236223196,"(38, 0.038)"
49,22,grs,236223196,"(8, 0.008)"
50,22,ss,236223196,"(0, 0.0)"
51,22,ngc_cords,236223196,"(0, 0.0)"
52,23,sgr,1063004382,"(97, 0.097)"
53,23,grs,1063004382,"(120, 0.12)"
54,23,ss,1063004382,"(58, 0.058)"
55,23,ngc_cords,1063004382,"(0, 0.0)"
56,30,sgr,461708974,"(0, 0.0)"
57,30,grs,461708974,"(0, 0.0)"
58,30,ss,461708974,"(0, 0.0)"
59,30,ngc_cords,461708974,"(0, 0.0)"
60,23,sgr,901943112,"(0, 0.0)"
61,23,grs,901943112,"(0, 0.0)"
62,23,ss,901943112,"(0, 0.0)"
63,23,ngc_cords,901943112,"(289, 0.289)"
64,23,sgr,773094096,"(1, 0.001001001001001001)"
65,23,grs,773094096,"(0, 0.0)"
66,23,ss,773094096,"(0, 0.0)"
67,23,ngc_cords,773094096,"(0, 0.0)"
68,30,sgr,289910286,"(0, 0.0)"
69,30,grs,289910286,"(0, 0.0)"
70,30,ss,289910286,"(0, 0.0)"
71,30,ngc_cords,289910286,"(0, 0.0)"
72,23,sgr,193273524,"(0, 0.0)"
73,23,grs,193273524,"(0, 0.0)"
74,23,ss,193273524,"(0, 0.0)"
75,23,ngc_cords,193273524,"(1, 0.001)"
76,23,sgr,0,"(3, 0.003)"
77,23,grs,0,"(1, 0.001)"
78,23,ss,0,"(0, 0.0)"
79,23,ngc_cords,0,"(0, 0.0)"
80,22,sgr,450971556,"(0, 0.0)"
81,22,grs,450971556,"(0, 0.0)"
82,22,ss,450971556,"(0, 0.0)"
83,22,ngc_cords,450971556,"(0, 0.0)"
84,22,sgr,493921228,"(0, 0.0)"
85,22,grs,493921228,"(0, 0.0)"
86,22,ss,493921228,"(0, 0.0)"
87,22,ngc_cords,493921228,"(0, 0.0)"
88,30,sgr,418759302,"(0, 0.0)"
89,30,grs,418759302,"(0, 0.0)"
90,30,ss,418759302,"(0, 0.0)"
91,30,ngc_cords,418759302,"(0, 0.0)"
92,23,sgr,42949672,"(43, 0.043)"
93,23,grs,42949672,"(29, 0.029)"
94,23,ss,42949672,"(0, 0.0)"
95,23,ngc_cords,42949672,"(0, 0.0)"
96,30,sgr,472446392,"(0, 0.0)"
97,30,grs,472446392,"(5, 0.005)"
98,30,ss,472446392,"(53, 0.053)"
99,30,ngc_cords,472446392,"(0, 0.0)"
100,23,sgr,64424508,"(33, 0.033)"
101,23,grs,64424508,"(4, 0.004)"
102,23,ss,64424508,"(2, 0.002)"
103,23,ngc_cords,64424508,"(0, 0.0)"
104,23,sgr,858993440,"(0, 0.0)"
105,23,grs,858993440,"(4, 0.004)"
106,23,ss,858993440,"(8, 0.008)"
107,23,ngc_cords,858993440,"(82, 0.082)"
108,22,sgr,740881842,"(0, 0.0)"
109,22,grs,740881842,"(0, 0.0)"
110,22,ss,740881842,"(0, 0.0)"
111,22,ngc_cords,740881842,"(0, 0.0)"
112,22,sgr,118111598,"(0, 0.0)"
113,22,grs,118111598,"(0, 0.0)"
114,22,ss,118111598,"(0, 0.0)"
115,22,ngc_cords,118111598,"(0, 0.0)"
116,22,sgr,408021884,"(0, 0.0)"
117,22,grs,408021884,"(0, 0.0)"
118,22,ss,408021884,"(0, 0.0)"
119,22,ngc_cords,408021884,"(0, 0.0)"
120,22,sgr,633507662,"(0, 0.0)"
121,22,grs,633507662,"(0, 0.0)"
122,22,ss,633507662,"(0, 0.0)"
123,22,ngc_cords,633507662,"(0, 0.0)"
124,23,sgr,1052266964,"(0, 0.0)"
125,23,grs,1052266964,"(0, 0.0)"
126,23,ss,1052266964,"(1, 0.001)"
127,23,ngc_cords,1052266964,"(1, 0.001)"
128,23,sgr,1009317292,"(0, 0.0)"
129,23,grs,1009317292,"(0, 0.0)"
130,23,ss,1009317292,"(0, 0.0)"
131,23,ngc_cords,1009317292,"(0, 0.0)"
132,30,sgr,64424508,"(0, 0.0)"
133,30,grs,64424508,"(12, 0.012)"
134,30,ss,64424508,"(0, 0.0)"
135,30,ngc_cords,64424508,"(0, 0.0)"
136,22,sgr,440234138,"(0, 0.0)"
137,22,grs,440234138,"(0, 0.0)"
138,22,ss,440234138,"(0, 0.0)"
139,22,ngc_cords,440234138,"(99, 0.099)"
140,30,sgr,858993440,"(0, 0.0)"
141,30,grs,858993440,"(0, 0.0)"
142,30,ss,858993440,"(0, 0.0)"
143,30,ngc_cords,858993440,"(0, 0.0)"
144,23,sgr,719407006,"(0, 0.0)"
145,23,grs,719407006,"(0, 0.0)"
146,23,ss,719407006,"(0, 0.0)"
147,23,ngc_cords,719407006,"(107, 0.107)"
148,22,sgr,246960614,"(0, 0.0)"
149,22,grs,246960614,"(0, 0.0)"
150,22,ss,246960614,"(0, 0.0)"
151,22,ngc_cords,246960614,"(0, 0.0)"
152,22,sgr,85899344,"(0, 0.0)"
153,22,grs,85899344,"(0, 0.0)"
154,22,ss,85899344,"(0, 0.0)"
155,22,ngc_cords,85899344,"(0, 0.0)"
156,23,sgr,977105038,"(14, 0.014)"
157,23,grs,977105038,"(2, 0.002)"
158,23,ss,977105038,"(0, 0.0)"
159,23,ngc_cords,977105038,"(0, 0.0)"
160,30,sgr,708669588,"(0, 0.0)"
161,30,grs,708669588,"(0, 0.0)"
162,30,ss,708669588,"(0, 0.0)"
163,30,ngc_cords,708669588,"(12, 0.012)"
164,23,sgr,644245080,"(0, 0.0)"
165,23,grs,644245080,"(0, 0.0)"
166,23,ss,644245080,"(0, 0.0)"
167,23,ngc_cords,644245080,"(0, 0.0)"
168,22,sgr,676457334,"(1, 0.001)"
169,22,grs,676457334,"(0, 0.0)"
170,22,ss,676457334,"(0, 0.0)"
171,22,ngc_cords,676457334,"(3, 0.003)"
172,30,sgr,987842456,"(0, 0.0)"
173,30,grs,987842456,"(0, 0.0)"
174,30,ss,987842456,"(0, 0.0)"
175,30,ngc_cords,987842456,"(103, 0.103)"
176,22,sgr,547608318,"(0, 0.0)"
177,22,grs,547608318,"(0, 0.0)"
178,22,ss,547608318,"(0, 0.0)"
179,22,ngc_cords,547608318,"(0, 0.0)"
180,30,sgr,1073741800,"(0, 0.0)"
181,30,grs,1073741800,"(0, 0.0)"
182,30,ss,1073741800,"(0, 0.0)"
183,30,ngc_cords,1073741800,"(1, 0.001)"
184,30,sgr,397284466,"(0, 0.0)"
185,30,grs,397284466,"(0, 0.0)"
186,30,ss,397284466,"(0, 0.0)"
187,30,ngc_cords,397284466,"(123, 0.123)"
188,23,sgr,365072212,"(79, 0.079)"
189,23,grs,365072212,"(4, 0.004)"
190,23,ss,365072212,"(3, 0.003)"
191,23,ngc_cords,365072212,"(16, 0.016)"
192,30,sgr,139586434,"(0, 0.0)"
193,30,grs,139586434,"(0, 0.0)"
194,30,ss,139586434,"(0, 0.0)"
195,30,ngc_cords,139586434,"(121, 0.121)"
196,23,sgr,450971556,"(0, 0.0)"
197,23,grs,450971556,"(0, 0.0)"
198,23,ss,450971556,"(0, 0.0)"
199,23,ngc_cords,450971556,"(1, 0.001)"
200,30,sgr,633507662,"(0, 0.0)"
201,30,grs,633507662,"(0, 0.0)"
202,30,ss,633507662,"(0, 0.0)"
203,30,ngc_cords,633507662,"(126, 0.126)"
204,23,sgr,579820572,"(29, 0.029)"
205,23,grs,579820572,"(1, 0.001)"
206,23,ss,579820572,"(77, 0.077)"
207,23,ngc_cords,579820572,"(5, 0.005)"
208,30,sgr,569083154,"(0, 0.0)"
209,30,grs,569083154,"(0, 0.0)"
210,30,ss,569083154,"(0, 0.0)"
211,30,ngc_cords,569083154,"(0, 0.0)"
212,23,sgr,515396064,"(0, 0.0)"
213,23,grs,515396064,"(0, 0.0)"
214,23,ss,515396064,"(0, 0.0)"
215,23,ngc_cords,515396064,"(0, 0.0)"
216,30,sgr,440234138,"(0, 0.0)"
217,30,grs,440234138,"(0, 0.0)"
218,30,ss,440234138,"(0, 0.0)"
219,30,ngc_cords,440234138,"(0, 0.0)"
220,30,sgr,719407006,"(0, 0.0)"
221,30,grs,719407006,"(0, 0.0)"
222,30,ss,719407006,"(0, 0.0)"
223,30,ngc_cords,719407006,"(0, 0.0)"
224,30,sgr,236223196,"(0, 0.0)"
225,30,grs,236223196,"(0, 0.0)"
226,30,ss,236223196,"(0, 0.0)"
227,30,ngc_cords,236223196,"(4, 0.004)"
228,22,sgr,32212254,"(1, 0.001)"
229,22,grs,32212254,"(0, 0.0)"
230,22,ss,32212254,"(0, 0.0)"
231,22,ngc_cords,32212254,"(0, 0.0)"
232,22,sgr,365072212,"(0, 0.0)"
233,22,grs,365072212,"(0, 0.0)"
234,22,ss,365072212,"(0, 0.0)"
235,22,ngc_cords,365072212,"(0, 0.0)"
236,22,sgr,987842456,"(21, 0.021)"
237,22,grs,987842456,"(0, 0.0)"
238,22,ss,987842456,"(0, 0.0)"
239,22,ngc_cords,987842456,"(2, 0.002)"
240,30,sgr,354334794,"(0, 0.0)"
241,30,grs,354334794,"(0, 0.0)"
242,30,ss,354334794,"(0, 0.0)"
243,30,ngc_cords,354334794,"(0, 0.0)"
244,23,sgr,139586434,"(0, 0.0)"
245,23,grs,139586434,"(3, 0.003)"
246,23,ss,139586434,"(0, 0.0)"
247,23,ngc_cords,139586434,"(0, 0.0)"
248,23,sgr,1020054710,"(0, 0.0)"
249,23,grs,1020054710,"(0, 0.0)"
250,23,ss,1020054710,"(0, 0.0)"
251,23,ngc_cords,1020054710,"(0, 0.0)"
252,23,sgr,880468276,"(0, 0.0)"
253,23,grs,880468276,"(0, 0.0)"
254,23,ss,880468276,"(0, 0.0)"
255,23,ngc_cords,880468276,"(0, 0.0)"
256,23,sgr,150323852,"(7, 0.007)"
257,23,grs,150323852,"(2, 0.002)"
258,23,ss,150323852,"(0, 0.0)"
259,23,ngc_cords,150323852,"(52, 0.052)"
260,23,sgr,311385122,"(80, 0.08)"
261,23,grs,311385122,"(1, 0.001)"
262,23,ss,311385122,"(566, 0.566)"
263,23,ngc_cords,311385122,"(0, 0.0)"
264,23,sgr,107374180,"(0, 0.0)"
265,23,grs,107374180,"(0, 0.0)"
266,23,ss,107374180,"(0, 0.0)"
267,23,ngc_cords,107374180,"(41, 0.041)"
268,30,sgr,246960614,"(0, 0.0)"
269,30,grs,246960614,"(0, 0.0)"
270,30,ss,246960614,"(0, 0.0)"
271,30,ngc_cords,246960614,"(597, 0.597)"
272,23,sgr,322122540,"(0, 0.0)"
273,23,grs,322122540,"(0, 0.0)"
274,23,ss,322122540,"(0, 0.0)"
275,23,ngc_cords,322122540,"(0, 0.0)"
276,30,sgr,1052266964,"(4, 0.004)"
277,30,grs,1052266964,"(0, 0.0)"
278,30,ss,1052266964,"(127, 0.127)"
279,30,ngc_cords,1052266964,"(4, 0.004)"
280,30,sgr,751619260,"(41, 0.041)"
281,30,grs,751619260,"(92, 0.0920920920920921)"
282,30,ss,751619260,"(164, 0.164)"
283,30,ngc_cords,751619260,"(0, 0.0)"
284,22,sgr,64424508,"(0, 0.0)"
285,22,grs,64424508,"(0, 0.0)"
286,22,ss,64424508,"(0, 0.0)"
287,22,ngc_cords,64424508,"(0, 0.0)"
288,23,sgr,128849016,"(1, 0.001)"
289,23,grs,128849016,"(1, 0.001)"
290,23,ss,128849016,"(0, 0.0)"
291,23,ngc_cords,128849016,"(0, 0.0)"
292,30,sgr,311385122,"(0, 0.0)"
293,30,grs,311385122,"(0, 0.0)"
294,30,ss,311385122,"(0, 0.0)"
295,30,ngc_cords,311385122,"(0, 0.0)"
296,23,sgr,53687090,"(0, 0.0)"
297,23,grs,53687090,"(0, 0.0)"
298,23,ss,53687090,"(0, 0.0)"
299,23,ngc_cords,53687090,"(0, 0.0)"
300,30,sgr,193273524,"(0, 0.0)"
301,30,grs,193273524,"(0, 0.0)"
302,30,ss,193273524,"(0, 0.0)"
303,30,ngc_cords,193273524,"(0, 0.0)"
304,22,sgr,644245080,"(0, 0.0)"
305,22,grs,644245080,"(0, 0.0)"
306,22,ss,644245080,"(0, 0.0)"
307,22,ngc_cords,644245080,"(0, 0.0)"
308,23,sgr,10737418,"(0, 0.0)"
309,23,grs,10737418,"(0, 0.0)"
310,23,ss,10737418,"(0, 0.0)"
311,23,ngc_cords,10737418,"(17, 0.017)"
312,22,sgr,1030792128,"(0, 0.0)"
313,22,grs,1030792128,"(0, 0.0)"
314,22,ss,1030792128,"(0, 0.0)"
315,22,ngc_cords,1030792128,"(221, 0.221)"
316,23,sgr,429496720,"(0, 0.0)"
317,23,grs,429496720,"(1, 0.001)"
318,23,ss,429496720,"(0, 0.0)"
319,23,ngc_cords,429496720,"(19, 0.019)"
320,23,sgr,934155366,"(0, 0.0)"
321,23,grs,934155366,"(0, 0.0)"
322,23,ss,934155366,"(0, 0.0)"
323,23,ngc_cords,934155366,"(0, 0.0)"
324,30,sgr,161061270,"(0, 0.0)"
325,30,grs,161061270,"(0, 0.0)"
326,30,ss,161061270,"(0, 0.0)"
327,30,ngc_cords,161061270,"(0, 0.0)"
328,30,sgr,85899344,"(4, 0.004)"
329,30,grs,85899344,"(69, 0.069)"
330,30,ss,85899344,"(0, 0.0)"
331,30,ngc_cords,85899344,"(0, 0.0)"
332,30,sgr,955630202,"(0, 0.0)"
333,30,grs,955630202,"(0, 0.0)"
334,30,ss,955630202,"(0, 0.0)"
335,30,ngc_cords,955630202,"(0, 0.0)"
336,23,sgr,676457334,"(0, 0.0)"
337,23,grs,676457334,"(8, 0.00802407221664995)"
338,23,ss,676457334,"(11, 0.011)"
339,23,ngc_cords,676457334,"(0, 0.0)"
340,22,sgr,590557990,"(0, 0.0)"
341,22,grs,590557990,"(0, 0.0)"
342,22,ss,590557990,"(0, 0.0)"
343,22,ngc_cords,590557990,"(99, 0.099)"
344,22,sgr,848256022,"(0, 0.0)"
345,22,grs,848256022,"(0, 0.0)"
346,22,ss,848256022,"(0, 0.0)"
347,22,ngc_cords,848256022,"(0, 0.0)"
348,22,sgr,10737418,"(5, 0.005)"
349,22,grs,10737418,"(0, 0.0)"
350,22,ss,10737418,"(0, 0.0)"
351,22,ngc_cords,10737418,"(115, 0.115)"
352,23,sgr,418759302,"(0, 0.0)"
353,23,grs,418759302,"(8, 0.008)"
354,23,ss,418759302,"(0, 0.0)"
355,23,ngc_cords,418759302,"(0, 0.0)"
356,22,sgr,397284466,"(0, 0.0)"
357,22,grs,397284466,"(0, 0.0)"
358,22,ss,397284466,"(0, 0.0)"
359,22,ngc_cords,397284466,"(0, 0.0)"
360,22,sgr,977105038,"(0, 0.0)"
361,22,grs,977105038,"(0, 0.0)"
362,22,ss,977105038,"(0, 0.0)"
363,22,ngc_cords,977105038,"(0, 0.0)"
364,30,sgr,504658646,"(0, 0.0)"
365,30,grs,504658646,"(0, 0.0)"
366,30,ss,504658646,"(0, 0.0)"
367,30,ngc_cords,504658646,"(0, 0.0)"
368,22,sgr,558345736,"(0, 0.0)"
369,22,grs,558345736,"(0, 0.0)"
370,22,ss,558345736,"(0, 0.0)"
371,22,ngc_cords,558345736,"(30, 0.03)"
372,22,sgr,1052266964,"(0, 0.0)"
373,22,grs,1052266964,"(0, 0.0)"
374,22,ss,1052266964,"(0, 0.0)"
375,22,ngc_cords,1052266964,"(0, 0.0)"
376,22,sgr,601295408,"(0, 0.0)"
377,22,grs,601295408,"(0, 0.0)"
378,22,ss,601295408,"(0, 0.0)"
379,22,ngc_cords,601295408,"(0, 0.0)"
380,22,sgr,719407006,"(0, 0.0)"
381,22,grs,719407006,"(0, 0.0)"
382,22,ss,719407006,"(0, 0.0)"
383,22,ngc_cords,719407006,"(0, 0.0)"
384,30,sgr,429496720,"(0, 0.0)"
385,30,grs,429496720,"(0, 0.0)"
386,30,ss,429496720,"(0, 0.0)"
387,30,ngc_cords,429496720,"(0, 0.0)"
388,22,sgr,418759302,"(0, 0.0)"
389,22,grs,418759302,"(0, 0.0)"
390,22,ss,418759302,"(0, 0.0)"
391,22,ngc_cords,418759302,"(69, 0.069)"
392,23,sgr,612032826,"(0, 0.0)"
393,23,grs,612032826,"(0, 0.0)"
394,23,ss,612032826,"(0, 0.0)"
395,23,ngc_cords,612032826,"(0, 0.0)"
396,23,sgr,268435450,"(0, 0.0)"
397,23,grs,268435450,"(0, 0.0)"
398,23,ss,268435450,"(0, 0.0)"
399,23,ngc_cords,268435450,"(10, 0.01)"
400,30,sgr,730144424,"(0, 0.0)"
401,30,grs,730144424,"(43, 0.043)"
402,30,ss,730144424,"(0, 0.0)"
403,30,ngc_cords,730144424,"(0, 0.0)"
404,30,sgr,665719916,"(0, 0.0)"
405,30,grs,665719916,"(0, 0.0)"
406,30,ss,665719916,"(0, 0.0)"
407,30,ngc_cords,665719916,"(0, 0.0)"
408,23,sgr,558345736,"(97, 0.097)"
409,23,grs,558345736,"(10, 0.01)"
410,23,ss,558345736,"(167, 0.167)"
411,23,ngc_cords,558345736,"(0, 0.0)"
412,30,sgr,794568932,"(0, 0.0)"
413,30,grs,794568932,"(0, 0.0)"
414,30,ss,794568932,"(0, 0.0)"
415,30,ngc_cords,794568932,"(0, 0.0)"
416,30,sgr,816043768,"(0, 0.0)"
417,30,grs,816043768,"(0, 0.0)"
418,30,ss,816043768,"(0, 0.0)"
419,30,ngc_cords,816043768,"(5, 0.005)"
420,22,sgr,654982498,"(34, 0.034)"
421,22,grs,654982498,"(5, 0.005)"
422,22,ss,654982498,"(14, 0.014)"
423,22,ngc_cords,654982498,"(0, 0.0)"
424,30,sgr,998579874,"(0, 0.0)"
425,30,grs,998579874,"(0, 0.0)"
426,30,ss,998579874,"(0, 0.0)"
427,30,ngc_cords,998579874,"(0, 0.0)"
428,22,sgr,923417948,"(0, 0.0)"
429,22,grs,923417948,"(0, 0.0)"
430,22,ss,923417948,"(0, 0.0)"
431,22,ngc_cords,923417948,"(8, 0.008)"
432,22,sgr,751619260,"(0, 0.0)"
433,22,grs,751619260,"(0, 0.0)"
434,22,ss,751619260,"(0, 0.0)"
435,22,ngc_cords,751619260,"(0, 0.0)"
436,30,sgr,1020054710,"(0, 0.0)"
437,30,grs,1020054710,"(0, 0.0)"
438,30,ss,1020054710,"(0, 0.0)"
439,30,ngc_cords,1020054710,"(0, 0.0)"
440,30,sgr,332859958,"(0, 0.0)"
441,30,grs,332859958,"(0, 0.0)"
442,30,ss,332859958,"(0, 0.0)"
443,30,ngc_cords,332859958,"(1, 0.001)"
444,30,sgr,612032826,"(0, 0.0)"
445,30,grs,612032826,"(0, 0.0)"
446,30,ss,612032826,"(0, 0.0)"
447,30,ngc_cords,612032826,"(0, 0.0)"
448,22,sgr,204010942,"(0, 0.0)"
449,22,grs,204010942,"(0, 0.0)"
450,22,ss,204010942,"(0, 0.0)"
451,22,ngc_cords,204010942,"(0, 0.0)"
452,30,sgr,343597376,"(0, 0.0)"
453,30,grs,343597376,"(0, 0.0)"
454,30,ss,343597376,"(0, 0.0)"
455,30,ngc_cords,343597376,"(226, 0.226)"
456,23,sgr,944892784,"(0, 0.0)"
457,23,grs,944892784,"(0, 0.0)"
458,23,ss,944892784,"(0, 0.0)"
459,23,ngc_cords,944892784,"(0, 0.0)"
460,23,sgr,21474836,"(10, 0.01)"
461,23,grs,21474836,"(33, 0.033)"
462,23,ss,21474836,"(0, 0.0)"
463,23,ngc_cords,21474836,"(0, 0.0)"
464,30,sgr,1041529546,"(0, 0.0)"
465,30,grs,1041529546,"(0, 0.0)"
466,30,ss,1041529546,"(0, 0.0)"
467,30,ngc_cords,1041529546,"(0, 0.0)"
468,22,sgr,837518604,"(0, 0.0)"
469,22,grs,837518604,"(0, 0.0)"
470,22,ss,837518604,"(0, 0.0)"
471,22,ngc_cords,837518604,"(0, 0.0)"
472,30,sgr,150323852,"(0, 0.0)"
473,30,grs,150323852,"(2, 0.002008032128514056)"
474,30,ss,150323852,"(0, 0.0)"
475,30,ngc_cords,150323852,"(0, 0.0)"
476,22,sgr,858993440,"(0, 0.0)"
477,22,grs,858993440,"(0, 0.0)"
478,22,ss,858993440,"(0, 0.0)"
479,22,ngc_cords,858993440,"(0, 0.0)"
480,23,sgr,987842456,"(0, 0.0)"
481,23,grs,987842456,"(0, 0.0)"
482,23,ss,987842456,"(0, 0.0)"
483,23,ngc_cords,987842456,"(0, 0.0)"
484,30,sgr,547608318,"(0, 0.0)"
485,30,grs,547608318,"(0, 0.0)"
486,30,ss,547608318,"(0, 0.0)"
487,30,ngc_cords,547608318,"(0, 0.0)"
488,30,sgr,805306350,"(0, 0.0)"
489,30,grs,805306350,"(0, 0.0)"
490,30,ss,805306350,"(0, 0.0)"
491,30,ngc_cords,805306350,"(0, 0.0)"
492,23,sgr,257698032,"(17, 0.017)"
493,23,grs,257698032,"(45, 0.045)"
494,23,ss,257698032,"(0, 0.0)"
495,23,ngc_cords,257698032,"(0, 0.0)"
496,22,sgr,612032826,"(0, 0.0)"
497,22,grs,612032826,"(0, 0.0)"
498,22,ss,612032826,"(0, 0.0)"
499,22,ngc_cords,612032826,"(0, 0.0)"
500,22,sgr,1041529546,"(0, 0.0)"
501,22,grs,1041529546,"(0, 0.0)"
502,22,ss,1041529546,"(0, 0.0)"
503,22,ngc_cords,1041529546,"(17, 0.017)"
504,22,sgr,483183810,"(2, 0.002)"
505,22,grs,483183810,"(0, 0.0)"
506,22,ss,483183810,"(0, 0.0)"
507,22,ngc_cords,483183810,"(3, 0.003)"
508,23,sgr,762356678,"(57, 0.057)"
509,23,grs,762356678,"(38, 0.038)"
510,23,ss,762356678,"(47, 0.047)"
511,23,ngc_cords,762356678,"(29, 0.029)"
512,22,sgr,880468276,"(0, 0.0)"
513,22,grs,880468276,"(0, 0.0)"
514,22,ss,880468276,"(0, 0.0)"
515,22,ngc_cords,880468276,"(0, 0.0)"
516,23,sgr,955630202,"(0, 0.0)"
517,23,grs,955630202,"(32, 0.032)"
518,23,ss,955630202,"(0, 0.0)"
519,23,ngc_cords,955630202,"(0, 0.0)"
520,23,sgr,665719916,"(0, 0.0)"
521,23,grs,665719916,"(0, 0.0)"
522,23,ss,665719916,"(0, 0.0)"
523,23,ngc_cords,665719916,"(0, 0.0)"
524,30,sgr,526133482,"(0, 0.0)"
525,30,grs,526133482,"(0, 0.0)"
526,30,ss,526133482,"(0, 0.0)"
527,30,ngc_cords,526133482,"(40, 0.04)"
528,23,sgr,279172868,"(13, 0.013)"
529,23,grs,279172868,"(0, 0.0)"
530,23,ss,279172868,"(0, 0.0)"
531,23,ngc_cords,279172868,"(0, 0.0)"
532,22,sgr,579820572,"(0, 0.0)"
533,22,grs,579820572,"(0, 0.0)"
534,22,ss,579820572,"(0, 0.0)"
535,22,ngc_cords,579820572,"(0, 0.0)"
536,23,sgr,590557990,"(9, 0.009)"
537,23,grs,590557990,"(3, 0.003)"
538,23,ss,590557990,"(1, 0.001)"
539,23,ngc_cords,590557990,"(0, 0.0)"
540,23,sgr,966367620,"(151, 0.151)"
541,23,grs,966367620,"(5, 0.005)"
542,23,ss,966367620,"(371, 0.371)"
543,23,ngc_cords,966367620,"(0, 0.0)"
544,30,sgr,214748360,"(20, 0.02)"
545,30,grs,214748360,"(8, 0.008)"
546,30,ss,214748360,"(0, 0.0)"
547,30,ngc_cords,214748360,"(0, 0.0)"
548,30,sgr,901943112,"(0, 0.0)"
549,30,grs,901943112,"(0, 0.0)"
550,30,ss,901943112,"(0, 0.0)"
551,30,ngc_cords,901943112,"(0, 0.0)"
552,23,sgr,708669588,"(0, 0.0)"
553,23,grs,708669588,"(0, 0.0)"
554,23,ss,708669588,"(0, 0.0)"
555,23,ngc_cords,708669588,"(65, 0.065)"
556,23,sgr,504658646,"(0, 0.0)"
557,23,grs,504658646,"(0, 0.0)"
558,23,ss,504658646,"(0, 0.0)"
559,23,ngc_cords,504658646,"(53, 0.053)"
560,23,sgr,204010942,"(16, 0.016)"
561,23,grs,204010942,"(70, 0.07)"
562,23,ss,204010942,"(46, 0.046)"
563,23,ngc_cords,204010942,"(0, 0.0)"
564,22,sgr,182536106,"(0, 0.0)"
565,22,grs,182536106,"(0, 0.0)"
566,22,ss,182536106,"(0, 0.0)"
567,22,ngc_cords,182536106,"(0, 0.0)"
568,30,sgr,279172868,"(0, 0.0)"
569,30,grs,279172868,"(0, 0.0)"
570,30,ss,279172868,"(0, 0.0)"
571,30,ngc_cords,279172868,"(0, 0.0)"
572,30,sgr,225485778,"(0, 0.0)"
573,30,grs,225485778,"(0, 0.0)"
574,30,ss,225485778,"(0, 0.0)"
575,30,ngc_cords,225485778,"(0, 0.0)"
576,23,sgr,536870900,"(0, 0.0)"
577,23,grs,536870900,"(0, 0.0)"
578,23,ss,536870900,"(0, 0.0)"
579,23,ngc_cords,536870900,"(0, 0.0)"
580,23,sgr,493921228,"(0, 0.0)"
581,23,grs,493921228,"(0, 0.0)"
582,23,ss,493921228,"(0, 0.0)"
583,23,ngc_cords,493921228,"(16, 0.016)"
584,22,sgr,783831514,"(195, 0.195)"
585,22,grs,783831514,"(57, 0.057)"
586,22,ss,783831514,"(2, 0.002)"
587,22,ngc_cords,783831514,"(0, 0.0)"
588,22,sgr,107374180,"(0, 0.0)"
589,22,grs,107374180,"(0, 0.0)"
590,22,ss,107374180,"(0, 0.0)"
591,22,ngc_cords,107374180,"(10, 0.01)"
592,23,sgr,816043768,"(453, 0.453)"
593,23,grs,816043768,"(27, 0.027)"
594,23,ss,816043768,"(5, 0.005)"
595,23,ngc_cords,816043768,"(0, 0.0)"
596,23,sgr,75161926,"(0, 0.0)"
597,23,grs,75161926,"(0, 0.0)"
598,23,ss,75161926,"(41, 0.041)"
599,23,ngc_cords,75161926,"(14, 0.014)"
600,23,sgr,633507662,"(0, 0.0)"
601,23,grs,633507662,"(0, 0.0)"
602,23,ss,633507662,"(0, 0.0)"
603,23,ngc_cords,633507662,"(132, 0.132)"
604,30,sgr,891205694,"(0, 0.0)"
605,30,grs,891205694,"(0, 0.0)"
606,30,ss,891205694,"(0, 0.0)"
607,30,ngc_cords,891205694,"(0, 0.0)"
608,22,sgr,697932170,"(0, 0.0)"
609,22,grs,697932170,"(0, 0.0)"
610,22,ss,697932170,"(0, 0.0)"
611,22,ngc_cords,697932170,"(0, 0.0)"
612,30,sgr,773094096,"(77, 0.077)"
613,30,grs,773094096,"(44, 0.044044044044044044)"
614,30,ss,773094096,"(18, 0.018)"
615,30,ngc_cords,773094096,"(0, 0.0)"
616,23,sgr,161061270,"(0, 0.0)"
617,23,grs,161061270,"(0, 0.0)"
618,23,ss,161061270,"(0, 0.0)"
619,23,ngc_cords,161061270,"(0, 0.0)"
620,30,sgr,880468276,"(3, 0.003)"
621,30,grs,880468276,"(0, 0.0)"
622,30,ss,880468276,"(43, 0.043)"
623,30,ngc_cords,880468276,"(0, 0.0)"
624,30,sgr,32212254,"(0, 0.0)"
625,30,grs,32212254,"(0, 0.0)"
626,30,ss,32212254,"(0, 0.0)"
627,30,ngc_cords,32212254,"(0, 0.0)"
628,22,sgr,794568932,"(0, 0.0)"
629,22,grs,794568932,"(0, 0.0)"
630,22,ss,794568932,"(0, 0.0)"
631,22,ngc_cords,794568932,"(36, 0.036)"
632,23,sgr,891205694,"(0, 0.0)"
633,23,grs,891205694,"(0, 0.0)"
634,23,ss,891205694,"(0, 0.0)"
635,23,ngc_cords,891205694,"(0, 0.0)"
636,23,sgr,408021884,"(0, 0.0)"
637,23,grs,408021884,"(0, 0.0)"
638,23,ss,408021884,"(0, 0.0)"
639,23,ngc_cords,408021884,"(0, 0.0)"
640,23,sgr,601295408,"(0, 0.0)"
641,23,grs,601295408,"(0, 0.0)"
642,23,ss,601295408,"(0, 0.0)"
643,23,ngc_cords,601295408,"(0, 0.0)"
644,30,sgr,515396064,"(0, 0.0)"
645,30,grs,515396064,"(0, 0.0)"
646,30,ss,515396064,"(0, 0.0)"
647,30,ngc_cords,515396064,"(0, 0.0)"
648,22,sgr,21474836,"(1, 0.001)"
649,22,grs,21474836,"(3, 0.003)"
650,22,ss,21474836,"(0, 0.0)"
651,22,ngc_cords,21474836,"(11, 0.011)"
652,30,sgr,740881842,"(0, 0.0)"
653,30,grs,740881842,"(0, 0.0)"
654,30,ss,740881842,"(82, 0.082)"
655,30,ngc_cords,740881842,"(17, 0.017)"
656,23,sgr,697932170,"(1, 0.001)"
657,23,grs,697932170,"(10, 0.01)"
658,23,ss,697932170,"(34, 0.034)"
659,23,ngc_cords,697932170,"(5, 0.005)"
660,30,sgr,558345736,"(0, 0.0)"
661,30,grs,558345736,"(0, 0.0)"
662,30,ss,558345736,"(0, 0.0)"
663,30,ngc_cords,558345736,"(0, 0.0)"
664,22,sgr,805306350,"(0, 0.0)"
665,22,grs,805306350,"(0, 0.0)"
666,22,ss,805306350,"(0, 0.0)"
667,22,ngc_cords,805306350,"(7, 0.007)"
668,30,sgr,912680530,"(0, 0.0)"
669,30,grs,912680530,"(0, 0.0)"
670,30,ss,912680530,"(0, 0.0)"
671,30,ngc_cords,912680530,"(0, 0.0)"
672,22,sgr,869730858,"(0, 0.0)"
673,22,grs,869730858,"(1, 0.001)"
674,22,ss,869730858,"(0, 0.0)"
675,22,ngc_cords,869730858,"(0, 0.0)"
676,23,sgr,837518604,"(30, 0.03)"
677,23,grs,837518604,"(15, 0.015)"
678,23,ss,837518604,"(129, 0.129)"
679,23,ngc_cords,837518604,"(0, 0.0)"
680,23,sgr,740881842,"(85, 0.085)"
681,23,grs,740881842,"(3, 0.003)"
682,23,ss,740881842,"(262, 0.262)"
683,23,ngc_cords,740881842,"(0, 0.0)"
684,23,sgr,569083154,"(0, 0.0)"
685,23,grs,569083154,"(0, 0.0)"
686,23,ss,569083154,"(0, 0.0)"
687,23,ngc_cords,569083154,"(0, 0.0)"
688,30,sgr,408021884,"(0, 0.0)"
689,30,grs,408021884,"(0, 0.0)"
690,30,ss,408021884,"(0, 0.0)"
691,30,ngc_cords,408021884,"(0, 0.0)"
692,22,sgr,429496720,"(0, 0.0)"
693,22,grs,429496720,"(0, 0.0)"
694,22,ss,429496720,"(0, 0.0)"
695,22,ngc_cords,429496720,"(7, 0.007)"
696,22,sgr,289910286,"(0, 0.0)"
697,22,grs,289910286,"(0, 0.0)"
698,22,ss,289910286,"(0, 0.0)"
699,22,ngc_cords,289910286,"(0, 0.0)"
700,30,sgr,590557990,"(0, 0.0)"
701,30,grs,590557990,"(0, 0.0)"
702,30,ss,590557990,"(372, 0.372)"
703,30,ngc_cords,590557990,"(0, 0.0)"
704,23,sgr,214748360,"(12, 0.012)"
705,23,grs,214748360,"(6, 0.006)"
706,23,ss,214748360,"(178, 0.178)"
707,23,ngc_cords,214748360,"(0, 0.0)"
708,30,sgr,257698032,"(0, 0.0)"
709,30,grs,257698032,"(0, 0.0)"
710,30,ss,257698032,"(0, 0.0)"
711,30,ngc_cords,257698032,"(0, 0.0)"
712,22,sgr,730144424,"(0, 0.0)"
713,22,grs,730144424,"(0, 0.0)"
714,22,ss,730144424,"(0, 0.0)"
715,22,ngc_cords,730144424,"(0, 0.0)"
716,30,sgr,783831514,"(0, 0.0)"
717,30,grs,783831514,"(0, 0.0)"
718,30,ss,783831514,"(0, 0.0)"
719,30,ngc_cords,783831514,"(0, 0.0)"
720,30,sgr,322122540,"(0, 0.0)"
721,30,grs,322122540,"(0, 0.0)"
722,30,ss,322122540,"(0, 0.0)"
723,30,ngc_cords,322122540,"(0, 0.0)"
724,23,sgr,354334794,"(98, 0.098)"
725,23,grs,354334794,"(49, 0.049)"
726,23,ss,354334794,"(41, 0.041)"
727,23,ngc_cords,354334794,"(0, 0.0)"
728,30,sgr,10737418,"(0, 0.0)"
729,30,grs,10737418,"(0, 0.0)"
730,30,ss,10737418,"(0, 0.0)"
731,30,ngc_cords,10737418,"(0, 0.0)"
732,30,sgr,622770244,"(0, 0.0)"
733,30,grs,622770244,"(0, 0.0)"
734,30,ss,622770244,"(0, 0.0)"
735,30,ngc_cords,622770244,"(0, 0.0)"
736,22,sgr,53687090,"(0, 0.0)"
737,22,grs,53687090,"(0, 0.0)"
738,22,ss,53687090,"(0, 0.0)"
739,22,ngc_cords,53687090,"(0, 0.0)"
740,22,sgr,526133482,"(12, 0.012)"
741,22,grs,526133482,"(25, 0.025)"
742,22,ss,526133482,"(0, 0.0)"
743,22,ngc_cords,526133482,"(0, 0.0)"
744,30,sgr,0,"(45, 0.045)"
745,30,grs,0,"(78, 0.078)"
746,30,ss,0,"(23, 0.023)"
747,30,ngc_cords,0,"(0, 0.0)"
748,22,sgr,225485778,"(0, 0.0)"
749,22,grs,225485778,"(0, 0.0)"
750,22,ss,225485778,"(0, 0.0)"
751,22,ngc_cords,225485778,"(0, 0.0)"
752,23,sgr,805306350,"(0, 0.0)"
753,23,grs,805306350,"(0, 0.0)"
754,23,ss,805306350,"(0, 0.0)"
755,23,ngc_cords,805306350,"(59, 0.059)"
756,23,sgr,826781186,"(15, 0.015)"
757,23,grs,826781186,"(0, 0.0)"
758,23,ss,826781186,"(2, 0.002)"
759,23,ngc_cords,826781186,"(6, 0.006)"
760,23,sgr,1030792128,"(0, 0.0)"
761,23,grs,1030792128,"(0, 0.0)"
762,23,ss,1030792128,"(0, 0.0)"
763,23,ngc_cords,1030792128,"(5, 0.005005005005005005)"
764,30,sgr,365072212,"(0, 0.0)"
765,30,grs,365072212,"(0, 0.0)"
766,30,ss,365072212,"(0, 0.0)"
767,30,ngc_cords,365072212,"(0, 0.0)"
768,30,sgr,644245080,"(0, 0.0)"
769,30,grs,644245080,"(0, 0.0)"
770,30,ss,644245080,"(0, 0.0)"
771,30,ngc_cords,644245080,"(0, 0.0)"
772,30,sgr,654982498,"(0, 0.0)"
773,30,grs,654982498,"(0, 0.0)"
774,30,ss,654982498,"(0, 0.0)"
775,30,ngc_cords,654982498,"(0, 0.0)"
776,22,sgr,826781186,"(0, 0.0)"
777,22,grs,826781186,"(0, 0.0)"
778,22,ss,826781186,"(0, 0.0)"
779,22,ngc_cords,826781186,"(0, 0.0)"
780,22,sgr,343597376,"(0, 0.0)"
781,22,grs,343597376,"(0, 0.0)"
782,22,ss,343597376,"(0, 0.0)"
783,22,ngc_cords,343597376,"(0, 0.0)"
784,30,sgr,450971556,"(0, 0.0)"
785,30,grs,450971556,"(0, 0.0)"
786,30,ss,450971556,"(0, 0.0)"
787,30,ngc_cords,450971556,"(0, 0.0)"
788,22,sgr,311385122,"(0, 0.0)"
789,22,grs,311385122,"(0, 0.0)"
790,22,ss,311385122,"(0, 0.0)"
791,22,ngc_cords,311385122,"(0, 0.0)"
792,22,sgr,912680530,"(0, 0.0)"
793,22,grs,912680530,"(0, 0.0)"
794,22,ss,912680530,"(0, 0.0)"
795,22,ngc_cords,912680530,"(0, 0.0)"
796,30,sgr,601295408,"(0, 0.0)"
797,30,grs,601295408,"(0, 0.0)"
798,30,ss,601295408,"(0, 0.0)"
799,30,ngc_cords,601295408,"(0, 0.0)"
800,22,sgr,816043768,"(0, 0.0)"
801,22,grs,816043768,"(0, 0.0)"
802,22,ss,816043768,"(0, 0.0)"
803,22,ngc_cords,816043768,"(13, 0.013)"
804,23,sgr,461708974,"(0, 0.0)"
805,23,grs,461708974,"(0, 0.0)"
806,23,ss,461708974,"(0, 0.0)"
807,23,ngc_cords,461708974,"(2, 0.002)"
808,23,sgr,289910286,"(0, 0.0)"
809,23,grs,289910286,"(0, 0.0)"
810,23,ss,289910286,"(0, 0.0)"
811,23,ngc_cords,289910286,"(6, 0.006)"
812,23,sgr,440234138,"(3, 0.003)"
813,23,grs,440234138,"(0, 0.0)"
814,23,ss,440234138,"(0, 0.0)"
815,23,ngc_cords,440234138,"(0, 0.0)"
816,23,sgr,654982498,"(0, 0.0)"
817,23,grs,654982498,"(0, 0.0)"
818,23,ss,654982498,"(0, 0.0)"
819,23,ngc_cords,654982498,"(0, 0.0)"
820,30,sgr,944892784,"(0, 0.0)"
821,30,grs,944892784,"(0, 0.0)"
822,30,ss,944892784,"(0, 0.0)"
823,30,ngc_cords,944892784,"(0, 0.0)"
824,30,sgr,386547048,"(0, 0.0)"
825,30,grs,386547048,"(0, 0.0)"
826,30,ss,386547048,"(0, 0.0)"
827,30,ngc_cords,386547048,"(0, 0.0)"
828,22,sgr,515396064,"(6, 0.006)"
829,22,grs,515396064,"(0, 0.0)"
830,22,ss,515396064,"(0, 0.0)"
831,22,ngc_cords,515396064,"(4, 0.004)"
832,22,sgr,966367620,"(0, 0.0)"
833,22,grs,966367620,"(0, 0.0)"
834,22,ss,966367620,"(0, 0.0)"
835,22,ngc_cords,966367620,"(0, 0.0)"
836,30,sgr,21474836,"(0, 0.0)"
837,30,grs,21474836,"(4, 0.004004004004004004)"
838,30,ss,21474836,"(0, 0.0)"
839,30,ngc_cords,21474836,"(0, 0.0)"
840,23,sgr,687194752,"(0, 0.0)"
841,23,grs,687194752,"(0, 0.0)"
842,23,ss,687194752,"(0, 0.0)"
843,23,ngc_cords,687194752,"(1, 0.001)"
844,22,sgr,762356678,"(0, 0.0)"
845,22,grs,762356678,"(0, 0.0)"
846,22,ss,762356678,"(0, 0.0)"
847,22,ngc_cords,762356678,"(0, 0.0)"
848,23,sgr,32212254,"(0, 0.0)"
849,23,grs,32212254,"(0, 0.0)"
850,23,ss,32212254,"(0, 0.0)"
851,23,ngc_cords,32212254,"(0, 0.0)"
852,23,sgr,1073741800,"(2, 0.002)"
853,23,grs,1073741800,"(0, 0.0)"
854,23,ss,1073741800,"(61, 0.061)"
855,23,ngc_cords,1073741800,"(15, 0.015)"
856,22,sgr,193273524,"(0, 0.0)"
857,22,grs,193273524,"(0, 0.0)"
858,22,ss,193273524,"(0, 0.0)"
859,22,ngc_cords,193273524,"(3, 0.003)"
860,22,sgr,0,"(0, 0.0)"
861,22,grs,0,"(0, 0.0)"
862,22,ss,0,"(0, 0.0)"
863,22,ngc_cords,0,"(0, 0.0)"
864,22,sgr,998579874,"(0, 0.0)"
865,22,grs,998579874,"(0, 0.0)"
866,22,ss,998579874,"(0, 0.0)"
867,22,ngc_cords,998579874,"(1, 0.001)"
868,22,sgr,375809630,"(0, 0.0)"
869,22,grs,375809630,"(0, 0.0)"
870,22,ss,375809630,"(0, 0.0)"
871,22,ngc_cords,375809630,"(3, 0.003)"
872,23,sgr,622770244,"(0, 0.0)"
873,23,grs,622770244,"(0, 0.0)"
874,23,ss,622770244,"(0, 0.0)"
875,23,ngc_cords,622770244,"(0, 0.0)"
876,30,sgr,128849016,"(10, 0.01)"
877,30,grs,128849016,"(199, 0.199)"
878,30,ss,128849016,"(464, 0.464)"
879,30,ngc_cords,128849016,"(0, 0.0)"
880,22,sgr,472446392,"(0, 0.0)"
881,22,grs,472446392,"(0, 0.0)"
882,22,ss,472446392,"(0, 0.0)"
883,22,ngc_cords,472446392,"(0, 0.0)"
884,22,sgr,504658646,"(0, 0.0)"
885,22,grs,504658646,"(0, 0.0)"
886,22,ss,504658646,"(0, 0.0)"
887,22,ngc_cords,504658646,"(0, 0.0)"
888,30,sgr,118111598,"(0, 0.0)"
889,30,grs,118111598,"(0, 0.0)"
890,30,ss,118111598,"(0, 0.0)"
891,30,ngc_cords,118111598,"(0, 0.0)"
892,30,sgr,1063004382,"(0, 0.0)"
893,30,grs,1063004382,"(0, 0.0)"
894,30,ss,1063004382,"(0, 0.0)"
895,30,ngc_cords,1063004382,"(0, 0.0)"
896,22,sgr,708669588,"(17, 0.017)"
897,22,grs,708669588,"(5, 0.005)"
898,22,ss,708669588,"(18, 0.018)"
899,22,ngc_cords,708669588,"(0, 0.0)"
900,22,sgr,622770244,"(0, 0.0)"
901,22,grs,622770244,"(0, 0.0)"
902,22,ss,622770244,"(0, 0.0)"
903,22,ngc_cords,622770244,"(61, 0.061)"
904,30,sgr,96636762,"(0, 0.0)"
905,30,grs,96636762,"(0, 0.0)"
906,30,ss,96636762,"(0, 0.0)"
907,30,ngc_cords,96636762,"(143, 0.143)"
908,23,sgr,343597376,"(0, 0.0)"
909,23,grs,343597376,"(0, 0.0)"
910,23,ss,343597376,"(0, 0.0)"
911,23,ngc_cords,343597376,"(0, 0.0)"
912,22,sgr,1073741800,"(0, 0.0)"
913,22,grs,1073741800,"(0, 0.0)"
914,22,ss,1073741800,"(0, 0.0)"
915,22,ngc_cords,1073741800,"(0, 0.0)"
916,23,sgr,912680530,"(0, 0.0)"
917,23,grs,912680530,"(0, 0.0)"
918,23,ss,912680530,"(0, 0.0)"
919,23,ngc_cords,912680530,"(3, 0.003)"
920,22,sgr,332859958,"(0, 0.0)"
921,22,grs,332859958,"(0, 0.0)"
922,22,ss,332859958,"(0, 0.0)"
923,22,ngc_cords,332859958,"(0, 0.0)"
924,22,sgr,171798688,"(0, 0.0)"
925,22,grs,171798688,"(0, 0.0)"
926,22,ss,171798688,"(0, 0.0)"
927,22,ngc_cords,171798688,"(0, 0.0)"
928,23,sgr,375809630,"(0, 0.0)"
929,23,grs,375809630,"(0, 0.0)"
930,23,ss,375809630,"(0, 0.0)"
931,23,ngc_cords,375809630,"(16, 0.016)"
932,23,sgr,848256022,"(0, 0.0)"
933,23,grs,848256022,"(0, 0.0)"
934,23,ss,848256022,"(0, 0.0)"
935,23,ngc_cords,848256022,"(6, 0.006)"
936,30,sgr,966367620,"(0, 0.0)"
937,30,grs,966367620,"(0, 0.0)"
938,30,ss,966367620,"(115, 0.115)"
939,30,ngc_cords,966367620,"(0, 0.0)"
940,22,sgr,536870900,"(0, 0.0)"
941,22,grs,536870900,"(0, 0.0)"
942,22,ss,536870900,"(0, 0.0)"
943,22,ngc_cords,536870900,"(0, 0.0)"
944,30,sgr,42949672,"(0, 0.0)"
945,30,grs,42949672,"(0, 0.0)"
946,30,ss,42949672,"(0, 0.0)"
947,30,ngc_cords,42949672,"(0, 0.0)"
948,22,sgr,461708974,"(0, 0.0)"
949,22,grs,461708974,"(1, 0.001)"
950,22,ss,461708974,"(0, 0.0)"
951,22,ngc_cords,461708974,"(0, 0.0)"
952,22,sgr,354334794,"(214, 0.214)"
953,22,grs,354334794,"(76, 0.076)"
954,22,ss,354334794,"(0, 0.0)"
955,22,ngc_cords,354334794,"(0, 0.0)"
956,22,sgr,955630202,"(0, 0.0)"
957,22,grs,955630202,"(0, 0.0)"
958,22,ss,955630202,"(0, 0.0)"
959,22,ngc_cords,955630202,"(0, 0.0)"
960,23,sgr,923417948,"(1, 0.001)"
961,23,grs,923417948,"(0, 0.0)"
962,23,ss,923417948,"(0, 0.0)"
963,23,ngc_cords,923417948,"(0, 0.0)"
964,23,sgr,751619260,"(90, 0.09)"
965,23,grs,751619260,"(94, 0.094)"
966,23,ss,751619260,"(0, 0.0)"
967,23,ngc_cords,751619260,"(0, 0.0)"
968,30,sgr,204010942,"(0, 0.0)"
969,30,grs,204010942,"(0, 0.0)"
970,30,ss,204010942,"(0, 0.0)"
971,30,ngc_cords,204010942,"(0, 0.0)"
972,30,sgr,171798688,"(0, 0.0)"
973,30,grs,171798688,"(0, 0.0)"
974,30,ss,171798688,"(0, 0.0)"
975,30,ngc_cords,171798688,"(0, 0.0)"
976,30,sgr,1009317292,"(16, 0.016)"
977,30,grs,1009317292,"(0, 0.0)"
978,30,ss,1009317292,"(147, 0.147)"
979,30,ngc_cords,1009317292,"(0, 0.0)"
980,22,sgr,773094096,"(0, 0.0)"
981,22,grs,773094096,"(0, 0.0)"
982,22,ss,773094096,"(0, 0.0)"
983,22,ngc_cords,773094096,"(0, 0.0)"
984,22,sgr,75161926,"(124, 0.124)"
985,22,grs,75161926,"(33, 0.033)"
986,22,ss,75161926,"(268, 0.268)"
987,22,ngc_cords,75161926,"(0, 0.0)"
988,22,sgr,687194752,"(0, 0.0)"
989,22,grs,687194752,"(0, 0.0)"
990,22,ss,687194752,"(0, 0.0)"
991,22,ngc_cords,687194752,"(38, 0.038)"
992,22,sgr,1020054710,"(0, 0.0)"
993,22,grs,1020054710,"(0, 0.0)"
994,22,ss,1020054710,"(0, 0.0)"
995,22,ngc_cords,1020054710,"(17, 0.017)"
996,23,sgr,547608318,"(0, 0.0)"
997,23,grs,547608318,"(0, 0.0)"
998,23,ss,547608318,"(0, 0.0)"
999,23,ngc_cords,547608318,"(0, 0.0)"
1000,23,sgr,386547048,"(0, 0.0)"
1001,23,grs,386547048,"(0, 0.0)"
1002,23,ss,386547048,"(0, 0.0)"
1003,23,ngc_cords,386547048,"(0, 0.0)"
1004,23,sgr,118111598,"(0, 0.0)"
1005,23,grs,118111598,"(0, 0.0)"
1006,23,ss,118111598,"(0, 0.0)"
1007,23,ngc_cords,118111598,"(1, 0.001)"
1008,30,sgr,579820572,"(0, 0.0)"
1009,30,grs,579820572,"(0, 0.0)"
1010,30,ss,579820572,"(0, 0.0)"
1011,30,ngc_cords,579820572,"(0, 0.0)"
1012,22,sgr,161061270,"(0, 0.0)"
1013,22,grs,161061270,"(0, 0.0)"
1014,22,ss,161061270,"(0, 0.0)"
1015,22,ngc_cords,161061270,"(18, 0.018)"
1016,30,sgr,375809630,"(0, 0.0)"
1017,30,grs,375809630,"(0, 0.0)"
1018,30,ss,375809630,"(0, 0.0)"
1019,30,ngc_cords,375809630,"(0, 0.0)"
1020,22,sgr,1009317292,"(0, 0.0)"
1021,22,grs,1009317292,"(0, 0.0)"
1022,22,ss,1009317292,"(0, 0.0)"
1023,22,ngc_cords,1009317292,"(0, 0.0)"
1024,30,sgr,826781186,"(0, 0.0)"
1025,30,grs,826781186,"(0, 0.0)"
1026,30,ss,826781186,"(0, 0.0)"
1027,30,ngc_cords,826781186,"(0, 0.0)"
1028,22,sgr,1063004382,"(7, 0.007)"
1029,22,grs,1063004382,"(0, 0.0)"
1030,22,ss,1063004382,"(0, 0.0)"
1031,22,ngc_cords,1063004382,"(188, 0.188)"
1032,23,sgr,300647704,"(1, 0.001)"
1033,23,grs,300647704,"(1, 0.001)"
1034,23,ss,300647704,"(1, 0.001)"
1035,23,ngc_cords,300647704,"(2, 0.002)"
1036,23,sgr,85899344,"(0, 0.0)"
1037,23,grs,85899344,"(5, 0.005)"
1038,23,ss,85899344,"(0, 0.0)"
1039,23,ngc_cords,85899344,"(0, 0.0)"
1040,23,sgr,483183810,"(0, 0.0)"
1041,23,grs,483183810,"(0, 0.0)"
1042,23,ss,483183810,"(0, 0.0)"
1043,23,ngc_cords,483183810,"(0, 0.0)"
1044,22,sgr,665719916,"(0, 0.0)"
1045,22,grs,665719916,"(0, 0.0)"
1046,22,ss,665719916,"(0, 0.0)"
1047,22,ngc_cords,665719916,"(0, 0.0)"
1048,23,sgr,472446392,"(0, 0.0)"
1049,23,grs,472446392,"(0, 0.0)"
1050,23,ss,472446392,"(0, 0.0)"
1051,23,ngc_cords,472446392,"(0, 0.0)"
1052,22,sgr,268435450,"(0, 0.0)"
1053,22,grs,268435450,"(0, 0.0)"
1054,22,ss,268435450,"(0, 0.0)"
1055,22,ngc_cords,268435450,"(0, 0.0)"
1056,22,sgr,96636762,"(0, 0.0)"
1057,22,grs,96636762,"(0, 0.0)"
1058,22,ss,96636762,"(0, 0.0)"
1059,22,ngc_cords,96636762,"(2, 0.002)"
1060,30,sgr,762356678,"(5, 0.005)"
1061,30,grs,762356678,"(1, 0.001)"
1062,30,ss,762356678,"(0, 0.0)"
1063,30,ngc_cords,762356678,"(0, 0.0)"
1064,30,sgr,493921228,"(0, 0.0)"
1065,30,grs,493921228,"(0, 0.0)"
1066,30,ss,493921228,"(0, 0.0)"
1067,30,ngc_cords,493921228,"(0, 0.0)"
1068,23,sgr,526133482,"(0, 0.0)"
1069,23,grs,526133482,"(0, 0.0)"
1070,23,ss,526133482,"(0, 0.0)"
1071,23,ngc_cords,526133482,"(0, 0.0)"
1072,23,sgr,783831514,"(1, 0.001)"
1073,23,grs,783831514,"(0, 0.0)"
1074,23,ss,783831514,"(0, 0.0)"
1075,23,ngc_cords,783831514,"(0, 0.0)"
1076,23,sgr,171798688,"(0, 0.0)"
1077,23,grs,171798688,"(0, 0.0)"
1078,23,ss,171798688,"(0, 0.0)"
1079,23,ngc_cords,171798688,"(157, 0.157)"
1080,30,sgr,837518604,"(0, 0.0)"
1081,30,grs,837518604,"(0, 0.0)"
1082,30,ss,837518604,"(0, 0.0)"
1083,30,ngc_cords,837518604,"(0, 0.0)"
1084,22,sgr,934155366,"(0, 0.0)"
1085,22,grs,934155366,"(0, 0.0)"
1086,22,ss,934155366,"(0, 0.0)"
1087,22,ngc_cords,934155366,"(150, 0.15)"
1088,22,sgr,150323852,"(0, 0.0)"
1089,22,grs,150323852,"(0, 0.0)"
1090,22,ss,150323852,"(0, 0.0)"
1091,22,ngc_cords,150323852,"(6, 0.006)"
1092,30,sgr,53687090,"(0, 0.0)"
1093,30,grs,53687090,"(0, 0.0)"
1094,30,ss,53687090,"(0, 0.0)"
1095,30,ngc_cords,53687090,"(0, 0.0)"
1096,30,sgr,676457334,"(0, 0.0)"
1097,30,grs,676457334,"(0, 0.0)"
1098,30,ss,676457334,"(0, 0.0)"
1099,30,ngc_cords,676457334,"(0, 0.0)"
1100,22,sgr,257698032,"(2, 0.002)"
1101,22,grs,257698032,"(0, 0.0)"
1102,22,ss,257698032,"(0, 0.0)"
1103,22,ngc_cords,257698032,"(85, 0.085)"
1104,30,sgr,697932170,"(0, 0.0)"
1105,30,grs,697932170,"(0, 0.0)"
1106,30,ss,697932170,"(0, 0.0)"
1107,30,ngc_cords,697932170,"(0, 0.0)"
1108,30,sgr,869730858,"(0, 0.0)"
1109,30,grs,869730858,"(0, 0.0)"
1110,30,ss,869730858,"(0, 0.0)"
1111,30,ngc_cords,869730858,"(0, 0.0)"
1112,30,sgr,923417948,"(0, 0.0)"
1113,30,grs,923417948,"(0, 0.0)"
1114,30,ss,923417948,"(0, 0.0)"
1115,30,ngc_cords,923417948,"(0, 0.0)"
1116,23,sgr,1041529546,"(44, 0.044)"
1117,23,grs,1041529546,"(14, 0.014)"
1118,23,ss,1041529546,"(0, 0.0)"
1119,23,ngc_cords,1041529546,"(0, 0.0)"
1120,22,sgr,901943112,"(3, 0.003)"
1121,22,grs,901943112,"(0, 0.0)"
1122,22,ss,901943112,"(0, 0.0)"
1123,22,ngc_cords,901943112,"(0, 0.0)"
1124,22,sgr,569083154,"(0, 0.0)"
1125,22,grs,569083154,"(0, 0.0)"
1126,22,ss,569083154,"(0, 0.0)"
1127,22,ngc_cords,569083154,"(0, 0.0)"
1128,30,sgr,483183810,"(0, 0.0)"
1129,30,grs,483183810,"(0, 0.0)"
1130,30,ss,483183810,"(0, 0.0)"
1131,30,ngc_cords,483183810,"(1, 0.001)"
1132,23,sgr,794568932,"(0, 0.0)"
1133,23,grs,794568932,"(0, 0.0)"
1134,23,ss,794568932,"(0, 0.0)"
1135,23,ngc_cords,794568932,"(0, 0.0)"
1136,23,sgr,182536106,"(0, 0.0)"
1137,23,grs,182536106,"(0, 0.0)"
1138,23,ss,182536106,"(0, 0.0)"
1139,23,ngc_cords,182536106,"(1, 0.001)"
1140,23,sgr,332859958,"(1, 0.001)"
1141,23,grs,332859958,"(0, 0.0)"
1142,23,ss,332859958,"(0, 0.0)"
1143,23,ngc_cords,332859958,"(12, 0.012)"
1144,22,sgr,891205694,"(0, 0.0)"
1145,22,grs,891205694,"(0, 0.0)"
1146,22,ss,891205694,"(0, 0.0)"
1147,22,ngc_cords,891205694,"(18, 0.018)"
1148,30,sgr,75161926,"(0, 0.0)"
1149,30,grs,75161926,"(0, 0.0)"
1150,30,ss,75161926,"(0, 0.0)"
1151,30,ngc_cords,75161926,"(5, 0.005005005005005005)"
1152,22,sgr,322122540,"(8, 0.008)"
1153,22,grs,322122540,"(0, 0.0)"
1154,22,ss,322122540,"(0, 0.0)"
1155,22,ngc_cords,322122540,"(0, 0.0)"
1156,30,sgr,848256022,"(0, 0.0)"
1157,30,grs,848256022,"(0, 0.0)"
1158,30,ss,848256022,"(0, 0.0)"
1159,30,ngc_cords,848256022,"(0, 0.0)"
1160,22,sgr,386547048,"(0, 0.0)"
1161,22,grs,386547048,"(0, 0.0)"
1162,22,ss,386547048,"(0, 0.0)"
1163,22,ngc_cords,386547048,"(5, 0.005)"
1164,22,sgr,279172868,"(0, 0.0)"
1165,22,grs,279172868,"(0, 0.0)"
1166,22,ss,279172868,"(0, 0.0)"
1167,22,ngc_cords,279172868,"(4, 0.004)"
1168,30,sgr,1030792128,"(0, 0.0)"
1169,30,grs,1030792128,"(0, 0.0)"
1170,30,ss,1030792128,"(0, 0.0)"
1171,30,ngc_cords,1030792128,"(0, 0.0)"
1172,23,sgr,96636762,"(0, 0.0)"
1173,23,grs,96636762,"(0, 0.0)"
1174,23,ss,96636762,"(0, 0.0)"
1175,23,ngc_cords,96636762,"(12, 0.012)"
1176,23,sgr,225485778,"(0, 0.0)"
1177,23,grs,225485778,"(0, 0.0)"
1178,23,ss,225485778,"(0, 0.0)"
1179,23,ngc_cords,225485778,"(163, 0.163)"
1180,30,sgr,934155366,"(0, 0.0)"
1181,30,grs,934155366,"(0, 0.0)"
1182,30,ss,934155366,"(0, 0.0)"
1183,30,ngc_cords,934155366,"(0, 0.0)"
1184,23,sgr,998579874,"(0, 0.0)"
1185,23,grs,998579874,"(4, 0.004)"
1186,23,ss,998579874,"(0, 0.0)"
1187,23,ngc_cords,998579874,"(0, 0.0)"
1188,23,sgr,0,"(1, 0.001)"
1189,23,grs,0,"(0, 0.0)"
1190,23,ss,0,"(1, 0.001)"
1191,23,ngc_cords,0,"(0, 0.0)"
1192,23,sgr,730144424,"(0, 0.0)"
1193,23,grs,730144424,"(0, 0.0)"
1194,23,ss,730144424,"(0, 0.0)"
1195,23,ngc_cords,730144424,"(0, 0.0)"
1196,30,sgr,300647704,"(0, 0.0)"
1197,30,grs,300647704,"(0, 0.0)"
1198,30,ss,300647704,"(0, 0.0)"
1199,30,ngc_cords,300647704,"(0, 0.0)"
1200,22,sgr,0,"(0, 0.0)"
1201,22,grs,0,"(0, 0.0)"
1202,22,ss,0,"(0, 0.0)"
1203,22,ngc_cords,0,"(0, 0.0)"
1204,30,sgr,182536106,"(159, 0.159)"
1205,30,grs,182536106,"(0, 0.0)"
1206,30,ss,182536106,"(989, 0.989)"
1207,30,ngc_cords,182536106,"(0, 0.0)"
1208,30,sgr,107374180,"(0, 0.0)"
1209,30,grs,107374180,"(0, 0.0)"
1210,30,ss,107374180,"(0, 0.0)"
1211,30,ngc_cords,107374180,"(0, 0.0)"
1212,22,sgr,128849016,"(0, 0.0)"
1213,22,grs,128849016,"(0, 0.0)"
1214,22,ss,128849016,"(0, 0.0)"
1215,22,ngc_cords,128849016,"(0, 0.0)"
1216,23,sgr,246960614,"(0, 0.0)"
1217,23,grs,246960614,"(0, 0.0)"
1218,23,ss,246960614,"(0, 0.0)"
1219,23,ngc_cords,246960614,"(0, 0.0)"
1220,22,sgr,944892784,"(0, 0.0)"
1221,22,grs,944892784,"(0, 0.0)"
1222,22,ss,944892784,"(0, 0.0)"
1223,22,ngc_cords,944892784,"(9, 0.009)"
